Aleshia Tomkiewicz,14 Taylor St,St. Stephens Ward,CT2 7PP
Evan Zigomalas,5 Binney St,Abbey Ward,HP11 2AX
France Andrade,8 Moor Place,East Southbourne and Tuckton W,BH6 3BE
Ulysses Mcwalters,505 Exeter Rd,Hawerby cum Beesby,DN36 5RP
Tyisha Veness,5396 Forth Street,Greets Green and Lyng Ward,B70 9DT
Eric Rampy,9472 Lind St,Desborough,NN14 2GH
Marg Grasmick,7457 Cowl St #70,Bargate Ward,SO14 3TY
Laquita Hisaw,20 Gloucester Pl #96,Chirton Ward,NE29 7AD
Lura Manzella,929 Augustine St,Staple Hill Ward,BS16 4LL
Yuette Klapec,45 Bradfield St #166,Parwich,DE6 1QN
Fernanda Writer,620 Northampton St,Wilmington,DA2 7PP
Charlesetta Erm,5 Hygeia St,Loundsley Green Ward,S40 4LY
Corrinne Jaret,2150 Morley St,Dee Ward,DG8 7DE
Niesha Bruch,24 Bolton St,"Broxburn, Uphall and Winchburg",EH52 5TL
Rueben Gastellum,4 Forrest St,Weston-Super-Mare,BS23 3HG
Michell Throssell,89 Noon St,Carbrooke,IP25 6JQ
Edgar Kanne,99 Guthrie St,New Milton,BH25 5DF
Dewitt Julio,7 Richmond St,Parkham,EX39 5DJ
Charisse Spinello,9165 Primrose St,Darnall Ward,S4 7WN
Mee Lapinski,9 Pengwern St,Marldon,TQ3 1SA
Peter Gutierres,4410 Tarlton St,Prestatyn Community,LL19 9EG
Octavio Salvadore,6949 Bourne St,Lye and Stourbridge North Ward,DY5 2QP
Martha Teplica,148 Rembrandt St,Warlingham,CR6 9SW
Tamesha Veigel,2200 Nelson St #58,Newport,PO30 5AL
Tess Sitra,61 Rossett St,Chichester,PO19 1RH
Leonard Kufner,41 Canning St,Steornabhagh a Deas Ward,HS1 2PZ
Svetlana Tauras,8289 Cadogan St,South Ward,DN33 1AU
Pok Molaison,211 Hobart St,Newquay,TR7 1LS
Augustine Growcock,114 Falkland St #8845,Brimpton,RG7 4RF
Karma Quarto,1 Birkett St,Shard End Ward,B33 0NH
Reed Weisinger,5147 Blackstone St,Letchworth South West Ward,SG6 3LE
German Zelaya,7 Shenstone St,Longhill Ward,HU8 9PZ
Milly Savidge,129 Alexander Pope St,Franche Ward,DY11 9BW
Luis Ear,2 Birchfield Rd,Whittington,SY11 4PH
Ciara Cobbley,7523 Kempton Rd,Cockerton West Ward,DL3 0JF
Alethea Mould,6305 Elstow St,Castle Ward,BN12 6PR
Margurite Loperfido,218 Greenbank Drive,Devizes,SN10 3DU
Vernice Sperazza,8921 Forge St,Colnbrook with Poyle,SL3 0PY
Vicente Rawicki,3060 St Ambrose Grove #261,Aldridge Central and South War,WS9 8UR
Craig Cua,8388 Bessemer St #5,East Putney Ward,SW15 2RP
Jenise Dulle,87 Pownall Sq,Sawston,CB22 3BB
Marylin Cornelison,39 Wye St,Wakefield North Ward,WF1 1DR
Marget Gunst,2732 Bostock St #1,St. Enoder,TR9 6NJ
Annett Bunselmeyer,5562 Fairfield St #847,Ryde,PO33 1HH
Kip Turziano,37 Meadow St,Laindon Park Ward,SS15 6LE
Melina Orizabal,3 Nevison St,Lymington and Pennington,SO41 1DL
Tina Clapham,5662 William Moult St,Aylesbury,HP21 8PP
Luisa Devereux,3 North View #35,Burmantofts and Richmond Hill ,LS9 7JH
Pedro Aschoff,135 Opie St,Howard Town Ward,SK13 8BB
Carrol Kunimitsu,1 Askew St,Farnham,GU9 9AS
